Mes,Leads,Efectivos,SDC,PDM,Citas Programadas,Citas Efectivas,Ventas,Conversion,Aporte,Canal,Nombre_Mes,Año,Mes_Numero,Categoria_Leads
"Febrero, 24",329,,,22.0,9.0,4.0,9,2.74,75.0,Piso,Febrero,2024,2,"(194.0, 388.0]"
"Marzo, 24",19,,,13.0,28.0,16.0,4,21.05,57.14,Piso,Marzo,2024,3,"(-0.001, 194.0]"
"Abril, 24",76,,,35.0,15.0,6.0,10,13.16,125.0,Piso,Abril,2024,4,"(-0.001, 194.0]"
"Mayo, 24",87,,,40.0,38.0,16.0,1,1.15,7.69,Piso,Mayo,2024,5,"(-0.001, 194.0]"
"Junio, 24",55,,,28.0,78.0,60.0,3,5.45,50.0,Piso,Junio,2024,6,"(-0.001, 194.0]"
"Julio, 24",92,,51.0,35.0,75.0,57.0,10,10.87,47.62,Piso,Julio,2024,7,"(-0.001, 194.0]"
"Agosto, 24",77,,32.0,31.0,65.0,46.0,9,11.69,52.94,Piso,Agosto,2024,8,"(-0.001, 194.0]"
"Septiembre, 24",57,,28.0,28.0,37.0,19.0,6,10.53,35.29,Piso,Septiembre,2024,9,"(-0.001, 194.0]"
"Octubre, 24",43,,38.0,14.0,31.0,25.0,3,6.98,13.04,Piso,Octubre,2024,10,"(-0.001, 194.0]"
"Noviembre, 24",50,,32.0,25.0,18.0,14.0,11,22.0,50.0,Piso,Noviembre,2024,11,"(-0.001, 194.0]"
"Diciembre, 24",64,,42.0,32.0,42.0,36.0,8,12.5,25.0,Piso,Diciembre,2024,12,"(-0.001, 194.0]"
"Enero, 25",71,71.0,34.0,28.0,71.0,71.0,10,14.08,38.46,Piso,Enero,2025,1,"(-0.001, 194.0]"
"Febrero, 25",64,64.0,23.0,33.0,64.0,64.0,11,17.19,55.0,Piso,Febrero,2025,2,"(-0.001, 194.0]"
"Marzo, 25",80,80.0,28.0,32.0,80.0,80.0,9,11.25,30.0,Piso,Marzo,2025,3,"(-0.001, 194.0]"
"Abril, 25",43,43.0,13.0,28.0,34.0,34.0,13,30.23,43.33,Piso,Abril,2025,4,"(-0.001, 194.0]"
"Mayo, 25",65,65.0,16.0,34.0,65.0,65.0,12,18.46,35.29,Piso,Mayo,2025,5,"(-0.001, 194.0]"
"Junio, 25",59,59.0,13.0,31.0,59.0,59.0,10,16.95,25.0,Piso,Junio,2025,6,"(-0.001, 194.0]"
"Julio, 25",63,63.0,12.0,29.0,63.0,63.0,7,11.11,19.44,Piso,Julio,2025,7,"(-0.001, 194.0]"
"Agosto, 25",71,71.0,22.0,44.0,71.0,71.0,7,9.86,25.93,Piso,Agosto,2025,8,"(-0.001, 194.0]"
"Septiembre, 25",58,58.0,21.0,31.0,58.0,58.0,7,12.07,18.42,Piso,Septiembre,2025,9,"(-0.001, 194.0]"
"Octubre, 25",72,72.0,24.0,48.0,72.0,72.0,11,15.28,27.5,Piso,Octubre,2025,10,"(-0.001, 194.0]"
"Noviembre, 25",81,81.0,21.0,43.0,81.0,81.0,9,11.11,21.43,Piso,Noviembre,2025,11,"(-0.001, 194.0]"
"Diciembre, 25",76,76.0,27.0,22.0,76.0,76.0,9,11.84,26.47,Piso,Diciembre,2025,12,"(-0.001, 194.0]"
"Enero, 26",97,97.0,27.0,46.0,97.0,97.0,6,6.19,15.79,Piso,Enero,2026,1,"(-0.001, 194.0]"
"Febrero, 26",94,94.0,18.0,28.0,94.0,94.0,7,7.45,23.33,Piso,Febrero,2026,2,"(-0.001, 194.0]"
"Marzo, 26",105,105.0,24.0,41.0,105.0,105.0,8,7.62,19.51,Piso,Marzo,2026,3,"(-0.001, 194.0]"
"Abril, 26",79,79.0,18.0,36.0,12.0,10.0,9,11.39,21.95,Piso,Abril,2026,4,"(-0.001, 194.0]"
"Mayo, 26",115,115.0,24.0,45.0,73.0,59.0,9,7.83,25.71,Piso,Mayo,2026,5,"(-0.001, 194.0]"
"Junio, 26",85,84.0,22.0,42.0,28.0,25.0,11,12.94,29.73,Piso,Junio,2026,6,"(-0.001, 194.0]"
"Julio,26",36,36.0,7.0,16.0,11.0,8.0,2,5.56,6.06,Piso,Julio,2026,7,"(-0.001, 194.0]"
"Febrero, 24",0,,,,,,0,0.0,0.0,Plazas,Febrero,2024,2,"(-0.001, 194.0]"
"Marzo, 24",0,,,,,,0,0.0,0.0,Plazas,Marzo,2024,3,"(-0.001, 194.0]"
"Abril, 24",25,,,1.0,1.0,,0,0.0,0.0,Plazas,Abril,2024,4,"(-0.001, 194.0]"
"Mayo, 24",28,,,11.0,3.0,2.0,0,0.0,0.0,Plazas,Mayo,2024,5,"(-0.001, 194.0]"
"Junio, 24",68,,,5.0,2.0,2.0,0,0.0,0.0,Plazas,Junio,2024,6,"(-0.001, 194.0]"
"Julio, 24",294,,,6.0,30.0,8.0,2,0.68,9.52,Plazas,Julio,2024,7,"(194.0, 388.0]"
"Agosto, 24",248,,,17.0,50.0,18.0,3,1.21,17.65,Plazas,Agosto,2024,8,"(194.0, 388.0]"
"Septiembre, 24",52,,,8.0,13.0,4.0,0,0.0,0.0,Plazas,Septiembre,2024,9,"(-0.001, 194.0]"
"Octubre, 24",59,,,5.0,13.0,6.0,2,3.39,8.7,Plazas,Octubre,2024,10,"(-0.001, 194.0]"
"Noviembre, 24",154,,,19.0,20.0,10.0,3,1.95,13.64,Plazas,Noviembre,2024,11,"(-0.001, 194.0]"
"Diciembre, 24",280,,26.0,14.0,40.0,19.0,7,2.5,21.88,Plazas,Diciembre,2024,12,"(194.0, 388.0]"
"Enero, 25",172,,22.0,22.0,53.0,35.0,4,2.33,15.38,Plazas,Enero,2025,1,"(-0.001, 194.0]"
"Febrero, 25",184,,16.0,28.0,48.0,36.0,1,0.54,5.0,Plazas,Febrero,2025,2,"(-0.001, 194.0]"
"Marzo, 25",275,,27.0,20.0,35.0,28.0,3,1.09,10.0,Plazas,Marzo,2025,3,"(194.0, 388.0]"
"Abril, 25",301,,19.0,23.0,52.0,25.0,8,2.66,26.67,Plazas,Abril,2025,4,"(194.0, 388.0]"
"Mayo, 25",275,,23.0,23.0,29.0,27.0,5,1.82,14.71,Plazas,Mayo,2025,5,"(194.0, 388.0]"
"Junio, 25",355,,35.0,44.0,90.0,61.0,13,3.66,32.5,Plazas,Junio,2025,6,"(194.0, 388.0]"
"Julio, 25",492,,36.0,37.0,77.0,51.0,14,2.85,38.89,Plazas,Julio,2025,7,"(388.0, 582.0]"
"Agosto, 25",397,281.0,25.0,30.0,67.0,44.0,6,1.51,22.22,Plazas,Agosto,2025,8,"(388.0, 582.0]"
"Septiembre, 25",312,218.0,44.0,41.0,74.0,52.0,15,4.81,39.47,Plazas,Septiembre,2025,9,"(194.0, 388.0]"
"Octubre, 25",324,226.0,38.0,43.0,77.0,48.0,12,3.7,30.0,Plazas,Octubre,2025,10,"(194.0, 388.0]"
"Noviembre, 25",274,209.0,31.0,33.0,60.0,32.0,11,4.01,26.19,Plazas,Noviembre,2025,11,"(194.0, 388.0]"
"Diciembre, 25",325,291.0,34.0,18.0,46.0,41.0,9,2.77,26.47,Plazas,Diciembre,2025,12,"(194.0, 388.0]"
"Enero, 26",290,261.0,23.0,15.0,23.0,19.0,6,2.07,15.79,Plazas,Enero,2026,1,"(194.0, 388.0]"
"Febrero, 26",433,387.0,25.0,39.0,105.0,82.0,6,1.39,20.0,Plazas,Febrero,2026,2,"(388.0, 582.0]"
"Marzo, 26",401,364.0,26.0,35.0,70.0,55.0,7,1.75,17.07,Plazas,Marzo,2026,3,"(388.0, 582.0]"
"Abril, 26",351,351.0,12.0,30.0,41.0,31.0,7,1.99,17.07,Plazas,Abril,2026,4,"(194.0, 388.0]"
"Mayo, 26",352,347.0,18.0,31.0,68.0,49.0,7,1.99,20.0,Plazas,Mayo,2026,5,"(194.0, 388.0]"
"Junio, 26",403,403.0,16.0,41.0,100.0,59.0,10,2.48,27.03,Plazas,Junio,2026,6,"(388.0, 582.0]"
"Julio,26",145,145.0,3.0,12.0,26.0,15.0,1,0.69,3.03,Plazas,Julio,2026,7,"(-0.001, 194.0]"
"Febrero, 24",57,,,,3.0,2.0,0,0.0,0.0,Digital,Febrero,2024,2,"(-0.001, 194.0]"
"Marzo, 24",145,,,,6.0,5.0,1,0.69,14.29,Digital,Marzo,2024,3,"(-0.001, 194.0]"
"Abril, 24",129,,,,23.0,5.0,0,0.0,0.0,Digital,Abril,2024,4,"(-0.001, 194.0]"
"Mayo, 24",463,,,,43.0,23.0,0,0.0,0.0,Digital,Mayo,2024,5,"(388.0, 582.0]"
"Junio, 24",350,,,,43.0,19.0,1,0.29,16.67,Digital,Junio,2024,6,"(194.0, 388.0]"
"Julio, 24",192,,,,36.0,14.0,2,1.04,9.52,Digital,Julio,2024,7,"(-0.001, 194.0]"
"Agosto, 24",1112,,,,57.0,18.0,0,0.0,0.0,Digital,Agosto,2024,8,"(970.0, 1164.0]"
"Septiembre, 24",1353,,,8.0,107.0,27.0,6,0.44,35.29,Digital,Septiembre,2024,9,"(1164.0, 1358.0]"
"Octubre, 24",1142,,,7.0,83.0,33.0,1,0.09,4.35,Digital,Octubre,2024,10,"(970.0, 1164.0]"
"Noviembre, 24",846,,,17.0,71.0,18.0,5,0.59,22.73,Digital,Noviembre,2024,11,"(776.0, 970.0]"
"Diciembre, 24",755,,,28.0,50.0,27.0,10,1.32,31.25,Digital,Diciembre,2024,12,"(582.0, 776.0]"
"Enero, 25",202,,21.0,22.0,74.0,37.0,9,4.46,34.62,Digital,Enero,2025,1,"(194.0, 388.0]"
"Febrero, 25",207,,28.0,24.0,45.0,30.0,4,1.93,20.0,Digital,Febrero,2025,2,"(194.0, 388.0]"
"Marzo, 25",491,,13.0,16.0,25.0,19.0,12,2.44,40.0,Digital,Marzo,2025,3,"(388.0, 582.0]"
"Abril, 25",749,,6.0,17.0,47.0,33.0,5,0.67,16.67,Digital,Abril,2025,4,"(582.0, 776.0]"
"Mayo, 25",361,,15.0,26.0,37.0,32.0,9,2.49,26.47,Digital,Mayo,2025,5,"(194.0, 388.0]"
"Junio, 25",576,,19.0,21.0,69.0,34.0,12,2.08,30.0,Digital,Junio,2025,6,"(388.0, 582.0]"
"Julio, 25",699,,29.0,33.0,89.0,45.0,9,1.29,25.0,Digital,Julio,2025,7,"(582.0, 776.0]"
"Agosto, 25",827,239.0,29.0,31.0,135.0,51.0,9,1.09,33.33,Digital,Agosto,2025,8,"(776.0, 970.0]"
"Septiembre, 25",676,344.0,36.0,31.0,125.0,73.0,15,2.22,39.47,Digital,Septiembre,2025,9,"(582.0, 776.0]"
"Octubre, 25",688,329.0,50.0,32.0,110.0,60.0,10,1.45,25.0,Digital,Octubre,2025,10,"(582.0, 776.0]"
"Noviembre, 25",554,342.0,42.0,22.0,97.0,55.0,14,2.53,33.33,Digital,Noviembre,2025,11,"(388.0, 582.0]"
"Diciembre, 25",908,594.0,39.0,23.0,90.0,51.0,8,0.88,23.53,Digital,Diciembre,2025,12,"(776.0, 970.0]"
"Enero, 26",922,674.0,23.0,22.0,110.0,56.0,6,0.65,15.79,Digital,Enero,2026,1,"(776.0, 970.0]"
"Febrero, 26",635,457.0,21.0,22.0,85.0,43.0,13,2.05,43.33,Digital,Febrero,2026,2,"(582.0, 776.0]"
"Marzo, 26",980,618.0,16.0,25.0,78.0,36.0,11,1.12,26.83,Digital,Marzo,2026,3,"(970.0, 1164.0]"
"Abril, 26",834,179.0,32.0,35.0,83.0,59.0,8,0.96,19.51,Digital,Abril,2026,4,"(776.0, 970.0]"
"Mayo, 26",667,170.0,30.0,35.0,140.0,103.0,9,1.35,25.71,Digital,Mayo,2026,5,"(582.0, 776.0]"
"Junio, 26",748,200.0,28.0,28.0,101.0,53.0,7,0.94,18.92,Digital,Junio,2026,6,"(582.0, 776.0]"
"Julio,26",298,64.0,3.0,12.0,26.0,15.0,1,0.34,3.03,Digital,Julio,2026,7,"(194.0, 388.0]"
