Mes,Generadas,Aprobadas,Condicionadas,Rechazadas,Formalizadas,Nombre_Mes,Año,Mes_Numero,Categoria_Generadas,Predicciones
"Enero, 24",5,1,0,4,1,Enero,2024,1,"(4.999, 27.0]",2.600090395330017
"Febrero, 24",6,2,0,4,1,Febrero,2024,2,"(4.999, 27.0]",2.774068172036935
"Marzo, 24",11,7,1,4,5,Marzo,2024,3,"(4.999, 27.0]",3.6439570555715255
"Abril, 24",23,14,0,9,11,Abril,2024,4,"(4.999, 27.0]",5.731690376054543
"Mayo, 24",26,8,4,14,3,Mayo,2024,5,"(4.999, 27.0]",6.253623706175297
"Junio, 24",43,13,0,22,6,Junio,2024,6,"(27.0, 49.0]",9.211245910192904
"Julio, 24",55,30,3,17,17,Julio,2024,7,"(49.0, 71.0]",11.29897923067592
"Agosto, 24",36,19,0,13,9,Agosto,2024,8,"(27.0, 49.0]",7.993401473244478
"Septiembre, 24",56,26,1,13,7,Septiembre,2024,9,"(49.0, 71.0]",11.472957007382838
"Octubre, 24",79,31,32,12,14,Octubre,2024,10,"(71.0, 93.0]",15.474445871641954
"Noviembre, 24",76,25,26,25,14,Noviembre,2024,11,"(71.0, 93.0]",14.9525125415212
"Diciembre, 25",103,39,33,26,17,Diciembre,2025,12,"(93.0, 115.0]",19.64991251260799
"Enero, 25",83,30,25,26,19,Enero,2025,1,"(71.0, 93.0]",16.170356978469627
"Febrero, 25",76,27,18,21,12,Febrero,2025,2,"(71.0, 93.0]",14.9525125415212
"Marzo, 25",92,31,27,30,20,Marzo,2025,3,"(71.0, 93.0]",17.736156968831892
"Abril, 25",59,35,6,16,17,Abril,2025,4,"(49.0, 71.0]",11.994890337503593
"Mayo, 25",76,40,7,25,19,Mayo,2025,5,"(71.0, 93.0]",14.9525125415212
"Junio, 25",97,46,25,22,25,Junio,2025,6,"(93.0, 115.0]",18.606045852366478
"Julio, 25",104,41,22,33,21,Julio,2025,7,"(93.0, 115.0]",19.82389028931491
"Agosto, 25",99,27,22,44,13,Agosto,2025,8,"(93.0, 115.0]",18.954001405780318
"Septiembre, 25",127,43,32,49,25,Septiembre,2025,9,"(115.0, 137.0]",23.825379153574026
"Octubre, 25",136,51,22,62,25,Octubre,2025,10,"(115.0, 137.0]",25.391179143936284
"Noviembre, 25",118,49,32,36,24,Noviembre,2025,11,"(115.0, 137.0]",22.25957916321176
"Diciembre, 25",111,31,49,28,14,Diciembre,2025,12,"(93.0, 115.0]",21.041734726263336
"Enero, 26",113,37,34,36,21,Enero,2026,1,"(93.0, 115.0]",21.38969027967717
"Febrero, 26",83,37,21,25,17,Febrero,2026,2,"(71.0, 93.0]",16.170356978469627
"Marzo, 26",85,41,14,30,18,Marzo,2026,3,"(71.0, 93.0]",16.518312531883463
"Abril, 26",74,42,16,16,16,Abril,2026,4,"(71.0, 93.0]",14.604556988107365
"Mayo,26",95,44,17,30,19,Mayo,2026,5,"(93.0, 115.0]",18.258090298952645
"Junio, 26",82,35,10,33,13,Junio,2026,6,"(71.0, 93.0]",15.996379201762709
"Julio,26",32,12,9,9,4,Julio,2026,7,"(27.0, 49.0]",7.297490366416805
