Afluencia_RealPisos,VentasPlaza_RealVentas,RedesSociales_RealVisualizaciones,UtilidadNeta_Real,RotacionPersonal_Rotacion,RecuperacionMarca_Real
76.0,6.0,36475.5,0.6688749999999999,0.0,90.0
64.0,6.0,33287.5,1.151875,0.0,98.125
80.0,7.0,33287.5,1.151875,0.0,77.125
43.0,7.0,33287.5,1.151875,0.0,91.0
65.0,7.0,36475.5,0.85,0.0,92.0
59.0,10.0,35280.0,0.85,0.0,85.0
63.0,10.0,35280.0,0.85,0.0,85.0
71.0,10.0,35280.0,0.85,0.0,85.0
58.0,10.0,35280.0,0.85,0.0,85.0
72.0,10.0,35280.0,0.85,0.0,85.0
81.0,10.0,35280.0,0.85,0.0,85.0
81.0,10.0,35280.0,0.85,0.0,85.0
