Plantilla,Operando,Productividad_APVS,Total_Apvs,Apvs_Cumplieron
29.0,28.0,61.0,6.5,2.0
29.0,24.0,42.75,6.5,2.0
29.0,26.0,86.0,8.0,3.0
30.0,27.0,90.0,9.0,4.0
31.0,28.0,91.0,11.0,5.0
33.0,29.0,95.0,14.0,11.5
33.0,30.0,78.0,14.0,6.0
34.0,32.0,54.0,13.0,2.0
35.0,34.0,87.0,12.0,7.0
36.0,34.0,76.0,15.0,6.0
36.0,34.0,81.0,15.0,7.0
36.0,32.0,60.0,14.0,4.0
37.0,33.0,91.0,11.0,7.0
40.0,37.0,67.0,15.0,7.0
42.0,38.0,71.0,15.0,7.0
44.0,40.0,74.0,14.0,7.0
44.0,40.0,82.0,12.0,4.0
44.0,42.0,82.0,12.0,5.0
44.0,42.0,82.0,12.0,5.0
